[{"model": "fish_app.fishline", "pk": 1, "fields": {"name": "ABC", "description": "zebrafishl with abc genes modified with abc blah, blah"}}, {"model": "fish_app.fishline", "pk": 2, "fields": {"name": "DEF", "description": "lorem ipsum shamet bahmet"}}, {"model": "fish_app.room", "pk": 1, "fields": {"room": "Room 1"}}, {"model": "fish_app.room", "pk": 2, "fields": {"room": "Room 2"}}, {"model": "fish_app.room", "pk": 3, "fields": {"room": "Room 3"}}, {"model": "fish_app.rack", "pk": 1, "fields": {"rackname": "A1", "room": 1, "row_count": 4, "col_count": 4}}, {"model": "fish_app.rack", "pk": 2, "fields": {"rackname": "B2", "room": 2, "row_count": 5, "col_count": 3}}, {"model": "fish_app.rack", "pk": 3, "fields": {"rackname": "C1", "room": 3, "row_count": 5, "col_count": 4}}, {"model": "fish_app.rack", "pk": 4, "fields": {"rackname": "D2", "room": 1, "row_count": 4, "col_count": 6}}, {"model": "fish_app.position", "pk": 1, "fields": {"rack": 1, "row": 1, "column": 1}}, {"model": "fish_app.position", "pk": 2, "fields": {"rack": 1, "row": 1, "column": 2}}, {"model": "fish_app.position", "pk": 3, "fields": {"rack": 1, "row": 1, "column": 3}}, {"model": "fish_app.position", "pk": 5, "fields": {"rack": 1, "row": 2, "column": 1}}, {"model": "fish_app.position", "pk": 6, "fields": {"rack": 1, "row": 2, "column": 2}}, {"model": "fish_app.position", "pk": 7, "fields": {"rack": 1, "row": 2, "column": 3}}, {"model": "fish_app.position", "pk": 9, "fields": {"rack": 1, "row": 3, "column": 1}}, {"model": "fish_app.position", "pk": 10, "fields": {"rack": 1, "row": 3, "column": 2}}, {"model": "fish_app.position", "pk": 11, "fields": {"rack": 1, "row": 3, "column": 3}}, {"model": "fish_app.position", "pk": 13, "fields": {"rack": 1, "row": 4, "column": 1}}, {"model": "fish_app.position", "pk": 14, "fields": {"rack": 1, "row": 4, "column": 2}}, {"model": "fish_app.position", "pk": 15, "fields": {"rack": 1, "row": 4, "column": 3}}, {"model": "fish_app.position", "pk": 17, "fields": {"rack": 2, "row": 1, "column": 1}}, {"model": "fish_app.position", "pk": 18, "fields": {"rack": 2, "row": 1, "column": 2}}, {"model": "fish_app.position", "pk": 19, "fields": {"rack": 2, "row": 1, "column": 3}}, {"model": "fish_app.position", "pk": 20, "fields": {"rack": 2, "row": 2, "column": 1}}, {"model": "fish_app.position", "pk": 21, "fields": {"rack": 2, "row": 2, "column": 2}}, {"model": "fish_app.position", "pk": 22, "fields": {"rack": 2, "row": 2, "column": 3}}, {"model": "fish_app.position", "pk": 23, "fields": {"rack": 2, "row": 3, "column": 1}}, {"model": "fish_app.position", "pk": 24, "fields": {"rack": 2, "row": 3, "column": 2}}, {"model": "fish_app.position", "pk": 25, "fields": {"rack": 2, "row": 3, "column": 3}}, {"model": "fish_app.position", "pk": 26, "fields": {"rack": 2, "row": 4, "column": 1}}, {"model": "fish_app.position", "pk": 27, "fields": {"rack": 2, "row": 4, "column": 2}}, {"model": "fish_app.position", "pk": 28, "fields": {"rack": 2, "row": 4, "column": 3}}, {"model": "fish_app.position", "pk": 32, "fields": {"rack": 3, "row": 1, "column": 1}}, {"model": "fish_app.position", "pk": 33, "fields": {"rack": 3, "row": 1, "column": 2}}, {"model": "fish_app.position", "pk": 34, "fields": {"rack": 3, "row": 1, "column": 3}}, {"model": "fish_app.position", "pk": 35, "fields": {"rack": 3, "row": 1, "column": 4}}, {"model": "fish_app.position", "pk": 36, "fields": {"rack": 3, "row": 2, "column": 1}}, {"model": "fish_app.position", "pk": 37, "fields": {"rack": 3, "row": 2, "column": 2}}, {"model": "fish_app.position", "pk": 38, "fields": {"rack": 3, "row": 2, "column": 3}}, {"model": "fish_app.position", "pk": 39, "fields": {"rack": 3, "row": 2, "column": 4}}, {"model": "fish_app.position", "pk": 40, "fields": {"rack": 3, "row": 3, "column": 1}}, {"model": "fish_app.position", "pk": 41, "fields": {"rack": 3, "row": 3, "column": 2}}, {"model": "fish_app.position", "pk": 42, "fields": {"rack": 3, "row": 3, "column": 3}}, {"model": "fish_app.position", "pk": 43, "fields": {"rack": 3, "row": 3, "column": 4}}, {"model": "fish_app.position", "pk": 44, "fields": {"rack": 3, "row": 4, "column": 1}}, {"model": "fish_app.position", "pk": 45, "fields": {"rack": 3, "row": 4, "column": 2}}, {"model": "fish_app.position", "pk": 46, "fields": {"rack": 3, "row": 4, "column": 3}}, {"model": "fish_app.position", "pk": 47, "fields": {"rack": 3, "row": 4, "column": 4}}, {"model": "fish_app.position", "pk": 52, "fields": {"rack": 4, "row": 1, "column": 1}}, {"model": "fish_app.position", "pk": 53, "fields": {"rack": 4, "row": 1, "column": 2}}, {"model": "fish_app.position", "pk": 54, "fields": {"rack": 4, "row": 1, "column": 3}}, {"model": "fish_app.position", "pk": 55, "fields": {"rack": 4, "row": 1, "column": 4}}, {"model": "fish_app.position", "pk": 56, "fields": {"rack": 4, "row": 1, "column": 5}}, {"model": "fish_app.position", "pk": 57, "fields": {"rack": 4, "row": 1, "column": 6}}, {"model": "fish_app.position", "pk": 58, "fields": {"rack": 4, "row": 2, "column": 1}}, {"model": "fish_app.position", "pk": 59, "fields": {"rack": 4, "row": 2, "column": 2}}, {"model": "fish_app.position", "pk": 60, "fields": {"rack": 4, "row": 2, "column": 3}}, {"model": "fish_app.position", "pk": 61, "fields": {"rack": 4, "row": 2, "column": 4}}, {"model": "fish_app.position", "pk": 62, "fields": {"rack": 4, "row": 2, "column": 5}}, {"model": "fish_app.position", "pk": 63, "fields": {"rack": 4, "row": 2, "column": 6}}, {"model": "fish_app.position", "pk": 64, "fields": {"rack": 4, "row": 3, "column": 1}}, {"model": "fish_app.position", "pk": 65, "fields": {"rack": 4, "row": 3, "column": 2}}, {"model": "fish_app.position", "pk": 66, "fields": {"rack": 4, "row": 3, "column": 3}}, {"model": "fish_app.position", "pk": 67, "fields": {"rack": 4, "row": 3, "column": 4}}, {"model": "fish_app.position", "pk": 68, "fields": {"rack": 4, "row": 3, "column": 5}}, {"model": "fish_app.position", "pk": 69, "fields": {"rack": 4, "row": 3, "column": 6}}, {"model": "fish_app.position", "pk": 70, "fields": {"rack": 4, "row": 4, "column": 1}}, {"model": "fish_app.position", "pk": 71, "fields": {"rack": 4, "row": 4, "column": 2}}, {"model": "fish_app.position", "pk": 72, "fields": {"rack": 4, "row": 4, "column": 3}}, {"model": "fish_app.position", "pk": 73, "fields": {"rack": 4, "row": 4, "column": 4}}, {"model": "fish_app.position", "pk": 74, "fields": {"rack": 4, "row": 4, "column": 5}}, {"model": "fish_app.position", "pk": 75, "fields": {"rack": 4, "row": 4, "column": 6}}, {"model": "fish_app.stock", "pk": 1, "fields": {"fishline": 1, "d_o_b": "2019-04-03"}}, {"model": "fish_app.stock", "pk": 2, "fields": {"fishline": 2, "d_o_b": "2019-03-04"}}, {"model": "fish_app.stock", "pk": 3, "fields": {"fishline": 1, "d_o_b": "2019-02-13"}}, {"model": "fish_app.substock", "pk": 1, "fields": {"stock": 1, "position": 9, "count": 79}}, {"model": "fish_app.substock", "pk": 2, "fields": {"stock": 2, "position": 5, "count": 11}}, {"model": "fish_app.substock", "pk": 3, "fields": {"stock": 3, "position": 1, "count": 6}}, {"model": "fish_app.substock", "pk": 4, "fields": {"stock": 1, "position": 2, "count": 5}}, {"model": "auth.user", "pk": 1, "fields": {"password": "pbkdf2_sha256$150000$aRg86y0cALy2$EZG405OzEI4mYG8H8COQBolAgTfSAdmHC46BgIA+qd4=", "last_login": "2019-04-07T12:15:58.188Z", "is_superuser": true, "username": "admin", "first_name": "", "last_name": "", "email": "dockalek@gmail.com", "is_staff": true, "is_active": true, "date_joined": "2019-04-07T12:12:02.063Z", "groups": [], "user_permissions": []}}, {"model": "sessions.session", "pk": "dd0e90opydhotnh2lmrfg4p9tm2zs4ew", "fields": {"session_data": "YjY1YzRlMjZjNGU0YmMwZTgwNmUzMGE1Y2YxN2VkMWY5OTRhZWI5Yzp7Il9hdXRoX3VzZXJfaWQiOiIxIiwiX2F1dGhfdXNlcl9iYWNrZW5kIjoiZGphbmdvLmNvbnRyaWIuYXV0aC5iYWNrZW5kcy5Nb2RlbEJhY2tlbmQiLCJfYXV0aF91c2VyX2hhc2giOiJiNDU3YzBjYTUzNjhjNmQ3Y2E1N2Y2N2UyMDU1NDkyNDNkMGNjYTY5In0=", "expire_date": "2019-04-21T12:15:58.193Z"}}, {"model": "admin.logentry", "pk": 1, "fields": {"action_time": "2019-04-07T12:17:28.936Z", "user": 1, "content_type": 9, "object_id": "1", "object_repr": "ABC", "action_flag": 1, "change_message": "[{\"added\": {}}]"}}, {"model": "admin.logentry", "pk": 2, "fields": {"action_time": "2019-04-07T12:18:03.461Z", "user": 1, "content_type": 9, "object_id": "2", "object_repr": "DEF", "action_flag": 1, "change_message": "[{\"added\": {}}]"}}, {"model": "admin.logentry", "pk": 3, "fields": {"action_time": "2019-04-07T12:19:46.512Z", "user": 1, "content_type": 10, "object_id": "1", "object_repr": "Room 1", "action_flag": 1, "change_message": "[{\"added\": {}}]"}}, {"model": "admin.logentry", "pk": 4, "fields": {"action_time": "2019-04-07T12:19:56.949Z", "user": 1, "content_type": 10, "object_id": "2", "object_repr": "Room 2", "action_flag": 1, "change_message": "[{\"added\": {}}]"}}, {"model": "admin.logentry", "pk": 5, "fields": {"action_time": "2019-04-07T12:20:01.097Z", "user": 1, "content_type": 10, "object_id": "3", "object_repr": "Room 3", "action_flag": 1, "change_message": "[{\"added\": {}}]"}}, {"model": "admin.logentry", "pk": 6, "fields": {"action_time": "2019-04-07T12:20:20.895Z", "user": 1, "content_type": 11, "object_id": "1", "object_repr": "A1", "action_flag": 1, "change_message": "[{\"added\": {}}]"}}, {"model": "admin.logentry", "pk": 7, "fields": {"action_time": "2019-04-07T12:20:32.005Z", "user": 1, "content_type": 11, "object_id": "2", "object_repr": "B2", "action_flag": 1, "change_message": "[{\"added\": {}}]"}}, {"model": "admin.logentry", "pk": 8, "fields": {"action_time": "2019-04-07T12:20:45.476Z", "user": 1, "content_type": 11, "object_id": "3", "object_repr": "C1", "action_flag": 1, "change_message": "[{\"added\": {}}]"}}, {"model": "admin.logentry", "pk": 9, "fields": {"action_time": "2019-04-07T12:21:07.514Z", "user": 1, "content_type": 11, "object_id": "4", "object_repr": "D2", "action_flag": 1, "change_message": "[{\"added\": {}}]"}}, {"model": "admin.logentry", "pk": 10, "fields": {"action_time": "2019-04-07T12:21:51.495Z", "user": 1, "content_type": 7, "object_id": "1", "object_repr": "ABC, 2019-04-03", "action_flag": 1, "change_message": "[{\"added\": {}}]"}}, {"model": "admin.logentry", "pk": 11, "fields": {"action_time": "2019-04-07T12:22:00.448Z", "user": 1, "content_type": 7, "object_id": "2", "object_repr": "DEF, 2019-03-04", "action_flag": 1, "change_message": "[{\"added\": {}}]"}}, {"model": "admin.logentry", "pk": 12, "fields": {"action_time": "2019-04-07T12:22:18.480Z", "user": 1, "content_type": 7, "object_id": "3", "object_repr": "ABC, 2019-02-13", "action_flag": 1, "change_message": "[{\"added\": {}}]"}}, {"model": "admin.logentry", "pk": 13, "fields": {"action_time": "2019-04-07T12:22:58.644Z", "user": 1, "content_type": 8, "object_id": "1", "object_repr": "Sub of ABC", "action_flag": 1, "change_message": "[{\"added\": {}}]"}}, {"model": "admin.logentry", "pk": 14, "fields": {"action_time": "2019-04-07T12:23:12.425Z", "user": 1, "content_type": 8, "object_id": "2", "object_repr": "Sub of DEF", "action_flag": 1, "change_message": "[{\"added\": {}}]"}}, {"model": "admin.logentry", "pk": 15, "fields": {"action_time": "2019-04-07T12:23:41.549Z", "user": 1, "content_type": 8, "object_id": "3", "object_repr": "Sub of ABC", "action_flag": 1, "change_message": "[{\"added\": {}}]"}}, {"model": "admin.logentry", "pk": 16, "fields": {"action_time": "2019-04-07T12:24:25.311Z", "user": 1, "content_type": 8, "object_id": "4", "object_repr": "Sub of ABC", "action_flag": 1, "change_message": "[{\"added\": {}}]"}}]